index,value
0,99.97901759786325
1,99.8892864033771
2,9.991832962396044
3,9.982630304456746
