q_des1,q_des2,dt,total_steps
0.20000000000002569,-1.499999999941038,0.01,2096
