index,value
0,99.58916425
1,99.58494079
2,10.0109419
3,10.02117827
