index,value
0,99.94059485160965
1,99.88937685234994
2,10.006625041375818
3,9.974673988140315
