q_start1,q_start2
0.008683359322602037,-0.008697480360238919
