index,value
0,99.46320665
1,99.48201404
2,10.04423436
3,10.02005114
