{
  "converged": false,
  "final_iter": 999,
  "final_K_err": 0.03947465535982966,
  "Q_star_diag": [
    100.0,
    100.0,
    10.0,
    10.0
  ],
  "K_star": [
    [
      13.65926283312768,
      0.0,
      6.780565741934931,
      0.0
    ],
    [
      0.0,
      13.65926283312768,
      0.0,
      6.780565741934931
    ]
  ],
  "K_learned": [
    [
      13.63093957780399,
      0.0,
      6.780114413228833,
      0.0
    ],
    [
      0.0,
      13.631774686578945,
      0.0,
      6.781055359500581
    ]
  ],
  "Q_learned_diag": [
    99.58538801264453,
    99.59859085875536,
    10.02704754209633,
    10.033092308765973
  ]
}