index,value
0,99.94848089374591
1,99.89226269279874
2,9.996833759033285
3,9.979355583592477
