{
  "Q_diag": [
    100.03740549951429,
    99.99675223585804,
    10.007501299290748,
    10.003793781935581
  ],
  "K_final": [
    [
      13.657779325643316,
      0.005946963772496353,
      6.780263533744381,
      0.0031718266127052745
    ],
    [
      -0.001603316098716197,
      13.658638598321538,
      0.0005920064894943449,
      6.780442967590683
    ]
  ],
  "K_star": [
    [
      13.65926283312768,
      0.0,
      6.780565741934931,
      0.0
    ],
    [
      0.0,
      13.65926283312768,
      0.0,
      6.780565741934931
    ]
  ]
}